key;en;ru
CANCEL;Cancel;Отмена
CREATE;Create;Создать
CREATE_NEW_PROJECT;Create New Project;Создать Новый Проект
NAME;Name;Имя
OPEN;Open;Открыть
PROJECT;Project;Проект
STORAGE_LOCATION;Storage Location;Место хранения
SELECT;Select;Выбрать
SELECT_FOLDER;Select Folder;Выбрать Папку
CREATE_NEW_PAGE;Create new Page;Создать новую Страницу
DELETE_PAGE;Delete Page;Удалить Страницу
DELETE;Delete;Удалить
CLOSE;Close;Закрыть
CUT;Cut;Вырезать
COPY;Copy;Копировать
PASTE;Paste;Вставить
RENAME;Rename;Переименовать
MOVE;Move;Переместить
DUPLICATE;Duplicate;Дублировать
NUMBERING;Numbering;Нумерация
PROPERTIES;Properties;Свойства
NEW_PAGE;New Page;Новая Страница
DESIGNATION;Designation;Принадлежность
DESCRIPTION;Description;Описание
TYPE;Type;Тип
GRAPHICS;Graphics;Графика
SCHEMATIC_SINGLE_LINE;Schematic Single-line;Однополюсная схема соединений
SCHEMATIC_MULTI_LINE;Schematic Multi-line;Многополюсная схема соединений
PID;P&ID;P&ID
REPORT;Report;Отчёт
NUMBER;Number;Номер
VIEW;View;Вид
PROPERTY_NAME;Property Name;Имя Свойства
VALUE;Value;Значение
COLOR;Color;Цвет
CLOSED;Closed;Закрыто
SEGMENT_LENGTH;Segment Length;Длина Сегмента
DECORATION;Decoration;Оформление
DECORATION_SIZE;Decoration Size;Размер Оформления
WIDTH;Width;Толщина
POLY_LINE_2D;Polyline;Полилиния
L_LINE_EDIT;Text;Текст
TEXT;Text;Текст
RESET_VIEW;Reset view;Восстановить вид
PAGE_PROPERTIES;Page properties;Свойства страницы
NUMBERING_BEGIN;Start value;Начальное значение
NUMBERING_STEP_SIZE;Step;Шаг
NUMBERING_SUBPAGES;Subpages;Подстраницы
SUBPAGES_HOLD;Hold;Удерживать
SUBPAGES_NUMBER;Number;Нумеровать
SUBPAGES_CONVERT_TO_REGULAR;Convert to regular;Преобразовать в основные
RULER_LENGTH;Ruler length;Длина линейки
CREATE_PROJECT;Create project;Создать проект
OPEN_PROJECT;Open project;Открыть проект
RECENT_PROJECTS;Recent projects;Недавние проекты
HORIZONTAL_ALIGNMENT;Horizontal alignment;Горизонтальное выравнивание
HORIZONTAL_ALIGNMENT_LEFT;Left;Слева
HORIZONTAL_ALIGNMENT_CENTER;Center;По центру
HORIZONTAL_ALIGNMENT_RIGHT;Right;Справа
VERTICAL_ALIGNMENT;Vertical alignment;Вертикальное выравнивание
VERTICAL_ALIGNMENT_BOTTOM;Bottom;Снизу
VERTICAL_ALIGNMENT_CENTER;Center;По центру
VERTICAL_ALIGNMENT_TOP;Top;Сверху
TEXT_COLOR;Text color;Цвет текста
FONT_SIZE;Font size;Высота шрифта
